Id,OwnerId,Rank,Value,Name,LastModified,SmashAttributeTypeId,CharacterAttributeTypeId
1,39,"1-4","0.1","VALUE",10/02/2016 21:56:01,1,9
2,40,"1-4","0.1","VALUE",10/02/2016 21:56:01,1,9
3,45,"1-4","0.1","VALUE",10/02/2016 21:56:02,1,9
4,29,"1-4","0.1","VALUE",10/02/2016 21:56:02,1,9
5,36,"5-7","0.09","VALUE",10/02/2016 21:56:02,1,9
6,41,"5-7","0.09","VALUE",10/02/2016 21:56:02,1,9
7,13,"5-7","0.09","VALUE",10/02/2016 21:56:02,1,9
8,58,"8-10","0.085","VALUE",10/02/2016 21:56:02,1,9
9,24,"8-10","0.085","VALUE",10/02/2016 21:56:02,1,9
10,1,"8-10","0.085","VALUE",10/02/2016 21:56:02,1,9
11,49,"11-16","0.08","VALUE",10/02/2016 21:56:02,1,9
12,14,"11-16","0.08","VALUE",10/02/2016 21:56:02,1,9
13,55,"11-16","0.08","VALUE",10/02/2016 21:56:02,1,9
14,52,"11-16","0.08","VALUE",10/02/2016 21:56:02,1,9
15,54,"11-16","0.08","VALUE",10/02/2016 21:56:02,1,9
16,18,"11-16","0.08","VALUE",10/02/2016 21:56:02,1,9
17,26,"17","0.075","VALUE",10/02/2016 21:56:02,1,9
18,25,"18-28","0.07","VALUE",10/02/2016 21:56:02,1,9
19,28,"18-28","0.07","VALUE",10/02/2016 21:56:02,1,9
20,44,"18-28","0.07","VALUE",10/02/2016 21:56:02,1,9
21,27,"18-28","0.07","VALUE",10/02/2016 21:56:02,1,9
22,3,"18-28","0.07","VALUE",10/02/2016 21:56:02,1,9
23,23,"18-28","0.07","VALUE",10/02/2016 21:56:02,1,9
24,16,"18-28","0.07","VALUE",10/02/2016 21:56:02,1,9
25,33,"18-28","0.07","VALUE",10/02/2016 21:56:02,1,9
26,37,"18-28","0.07","VALUE",10/02/2016 21:56:02,1,9
27,12,"18-28","0.07","VALUE",10/02/2016 21:56:02,1,9
28,38,"18-28","0.07","VALUE",10/02/2016 21:56:02,1,9
29,56,"29","0.068","VALUE",10/02/2016 21:56:02,1,9
30,42,"30-34","0.065","VALUE",10/02/2016 21:56:02,1,9
31,8,"30-34","0.065","VALUE",10/02/2016 21:56:02,1,9
32,30,"30-34","0.065","VALUE",10/02/2016 21:56:02,1,9
33,20,"30-34","0.065","VALUE",10/02/2016 21:56:02,1,9
34,4,"30-34","0.065","VALUE",10/02/2016 21:56:02,1,9
35,6,"35","0.06","VALUE",10/02/2016 21:56:02,1,9
36,32,"36","0.058","VALUE",10/02/2016 21:56:03,1,9
37,11,"37","0.0574","VALUE",10/02/2016 21:56:03,1,9
38,57,"38","0.055","VALUE",10/02/2016 21:56:03,1,9
39,53,"39-44","0.05","VALUE",10/02/2016 21:56:03,1,9
40,48,"39-44","0.05","VALUE",10/02/2016 21:56:03,1,9
41,10,"39-44","0.05","VALUE",10/02/2016 21:56:03,1,9
42,9,"39-44","0.05","VALUE",10/02/2016 21:56:03,1,9
43,5,"39-44","0.05","VALUE",10/02/2016 21:56:03,1,9
44,31,"39-44","0.05","VALUE",10/02/2016 21:56:03,1,9
45,43,"45","0.045","VALUE",10/02/2016 21:56:03,1,9
46,21,"46-53","0.04","VALUE",10/02/2016 21:56:03,1,9
47,34,"46-53","0.04","VALUE",10/02/2016 21:56:03,1,9
48,19,"46-53","0.04","VALUE",10/02/2016 21:56:03,1,9
49,17,"46-53","0.04","VALUE",10/02/2016 21:56:03,1,9
50,51,"46-53","0.04","VALUE",10/02/2016 21:56:03,1,9
51,50,"46-53","0.04","VALUE",10/02/2016 21:56:03,1,9
52,7,"46-53","0.04","VALUE",10/02/2016 21:56:03,1,9
53,2,"46-53","0.04","VALUE",10/02/2016 21:56:03,1,9
54,46,"54-56","0.03","VALUE",10/02/2016 21:56:03,1,9
55,15,"54-56","0.03","VALUE",10/02/2016 21:56:03,1,9
56,35,"54-56","0.03","VALUE",10/02/2016 21:56:03,1,9
57,22,"57","0.028","VALUE",10/02/2016 21:56:03,1,9
58,47,"58","0.025","VALUE",10/02/2016 21:56:03,1,9
59,31,"1","2-24","INTANGIBLE",10/02/2016 21:56:03,3,4
60,31,"1","29","FAF",10/02/2016 21:56:03,3,1
61,22,"2-10","2-25","INTANGIBLE",10/02/2016 21:56:03,3,4
62,22,"2-10","31","FAF",10/02/2016 21:56:03,3,1
63,49,"2-10","2-25","INTANGIBLE",10/02/2016 21:56:03,3,4
64,49,"2-10","31","FAF",10/02/2016 21:56:03,3,1
65,52,"2-10","2-25","INTANGIBLE",10/02/2016 21:56:04,3,4
66,52,"2-10","31","FAF",10/02/2016 21:56:04,3,1
67,58,"2-10","2-25","INTANGIBLE",10/02/2016 21:56:04,3,4
68,58,"2-10","31","FAF",10/02/2016 21:56:04,3,1
69,30,"2-10","2-25","INTANGIBLE",10/02/2016 21:56:04,3,4
70,30,"2-10","31","FAF",10/02/2016 21:56:04,3,1
71,41,"2-10","2-25","INTANGIBLE",10/02/2016 21:56:04,3,4
72,41,"2-10","31","FAF",10/02/2016 21:56:04,3,1
73,51,"2-10","2-25","INTANGIBLE",10/02/2016 21:56:04,3,4
74,51,"2-10","31","FAF",10/02/2016 21:56:04,3,1
75,12,"2-10","2-25","INTANGIBLE",10/02/2016 21:56:04,3,4
76,12,"2-10","31","FAF",10/02/2016 21:56:04,3,1
77,14,"2-10","2-25","INTANGIBLE",10/02/2016 21:56:04,3,4
78,14,"2-10","31","FAF",10/02/2016 21:56:04,3,1
79,9,"11-17","2-26","INTANGIBLE",10/02/2016 21:56:04,3,4
80,9,"11-17","32","FAF",10/02/2016 21:56:04,3,1
81,55,"11-17","2-26","INTANGIBLE",10/02/2016 21:56:04,3,4
82,55,"11-17","32","FAF",10/02/2016 21:56:04,3,1
83,8,"11-17","2-26","INTANGIBLE",10/02/2016 21:56:04,3,4
84,8,"11-17","32","FAF",10/02/2016 21:56:04,3,1
85,42,"11-17","2-26","INTANGIBLE",10/02/2016 21:56:04,3,4
86,42,"11-17","32","FAF",10/02/2016 21:56:04,3,1
87,13,"11-17","2-26","INTANGIBLE",10/02/2016 21:56:04,3,4
88,13,"11-17","32","FAF",10/02/2016 21:56:04,3,1
89,35,"11-17","2-26","INTANGIBLE",10/02/2016 21:56:04,3,4
90,35,"11-17","32","FAF",10/02/2016 21:56:04,3,1
91,16,"11-17","2-26","INTANGIBLE",10/02/2016 21:56:04,3,4
92,16,"11-17","32","FAF",10/02/2016 21:56:04,3,1
93,23,"18","2-25","INTANGIBLE",10/02/2016 21:56:04,3,4
94,23,"18","32","FAF",10/02/2016 21:56:04,3,1
95,28,"19-34","3-27","INTANGIBLE",10/02/2016 21:56:04,3,4
96,28,"19-34","33","FAF",10/02/2016 21:56:05,3,1
97,25,"19-34","3-27","INTANGIBLE",10/02/2016 21:56:05,3,4
98,25,"19-34","33","FAF",10/02/2016 21:56:05,3,1
99,27,"19-34","3-27","INTANGIBLE",10/02/2016 21:56:05,3,4
100,27,"19-34","33","FAF",10/02/2016 21:56:05,3,1
101,26,"19-34","3-27","INTANGIBLE",10/02/2016 21:56:05,3,4
102,26,"19-34","33","FAF",10/02/2016 21:56:05,3,1
103,45,"19-34","3-27","INTANGIBLE",10/02/2016 21:56:05,3,4
104,45,"19-34","33","FAF",10/02/2016 21:56:05,3,1
105,54,"19-34","3-27","INTANGIBLE",10/02/2016 21:56:05,3,4
106,54,"19-34","33","FAF",10/02/2016 21:56:05,3,1
107,48,"19-34","3-27","INTANGIBLE",10/02/2016 21:56:05,3,4
108,48,"19-34","33","FAF",10/02/2016 21:56:05,3,1
109,20,"19-34","3-27","INTANGIBLE",10/02/2016 21:56:05,3,4
110,20,"19-34","33","FAF",10/02/2016 21:56:05,3,1
111,43,"19-34","3-27","INTANGIBLE",10/02/2016 21:56:05,3,4
112,43,"19-34","33","FAF",10/02/2016 21:56:05,3,1
113,37,"19-34","3-27","INTANGIBLE",10/02/2016 21:56:05,3,4
114,37,"19-34","33","FAF",10/02/2016 21:56:05,3,1
115,11,"19-34","3-27","INTANGIBLE",10/02/2016 21:56:05,3,4
116,11,"19-34","33","FAF",10/02/2016 21:56:05,3,1
117,32,"19-34","3-27","INTANGIBLE",10/02/2016 21:56:05,3,4
118,32,"19-34","33","FAF",10/02/2016 21:56:05,3,1
119,33,"19-34","3-27","INTANGIBLE",10/02/2016 21:56:05,3,4
120,33,"19-34","33","FAF",10/02/2016 21:56:05,3,1
121,38,"19-34","3-27","INTANGIBLE",10/02/2016 21:56:05,3,4
122,38,"19-34","33","FAF",10/02/2016 21:56:05,3,1
123,46,"19-34","3-27","INTANGIBLE",10/02/2016 21:56:05,3,4
124,46,"19-34","33","FAF",10/02/2016 21:56:05,3,1
125,7,"19-34","3-27","INTANGIBLE",10/02/2016 21:56:05,3,4
126,7,"19-34","33","FAF",10/02/2016 21:56:05,3,1
127,40,"34-51","3-28","INTANGIBLE",10/02/2016 21:56:06,3,4
128,40,"34-51","34","FAF",10/02/2016 21:56:06,3,1
129,56,"34-51","3-28","INTANGIBLE",10/02/2016 21:56:06,3,4
130,56,"34-51","34","FAF",10/02/2016 21:56:06,3,1
131,3,"34-51","3-28","INTANGIBLE",10/02/2016 21:56:06,3,4
132,3,"34-51","34","FAF",10/02/2016 21:56:06,3,1
133,21,"34-51","3-28","INTANGIBLE",10/02/2016 21:56:06,3,4
134,21,"34-51","34","FAF",10/02/2016 21:56:06,3,1
135,57,"34-51","3-28","INTANGIBLE",10/02/2016 21:56:06,3,4
136,57,"34-51","34","FAF",10/02/2016 21:56:06,3,1
137,39,"34-51","3-28","INTANGIBLE",10/02/2016 21:56:06,3,4
138,39,"34-51","34","FAF",10/02/2016 21:56:06,3,1
139,17,"34-51","3-28","INTANGIBLE",10/02/2016 21:56:06,3,4
140,17,"34-51","34","FAF",10/02/2016 21:56:06,3,1
141,44,"34-51","3-28","INTANGIBLE",10/02/2016 21:56:06,3,4
142,44,"34-51","34","FAF",10/02/2016 21:56:06,3,1
143,5,"34-51","3-28","INTANGIBLE",10/02/2016 21:56:06,3,4
144,5,"34-51","34","FAF",10/02/2016 21:56:06,3,1
145,36,"34-51","3-28","INTANGIBLE",10/02/2016 21:56:06,3,4
146,36,"34-51","34","FAF",10/02/2016 21:56:06,3,1
147,24,"34-51","3-28","INTANGIBLE",10/02/2016 21:56:06,3,4
148,24,"34-51","34","FAF",10/02/2016 21:56:06,3,1
149,4,"34-51","3-28","INTANGIBLE",10/02/2016 21:56:06,3,4
150,4,"34-51","34","FAF",10/02/2016 21:56:06,3,1
151,6,"34-51","3-28","INTANGIBLE",10/02/2016 21:56:06,3,4
152,6,"34-51","34","FAF",10/02/2016 21:56:06,3,1
153,53,"34-51","3-28","INTANGIBLE",10/02/2016 21:56:06,3,4
154,53,"34-51","34","FAF",10/02/2016 21:56:06,3,1
155,50,"34-51","3-28","INTANGIBLE",10/02/2016 21:56:06,3,4
156,50,"34-51","34","FAF",10/02/2016 21:56:07,3,1
157,29,"34-51","3-28","INTANGIBLE",10/02/2016 21:56:07,3,4
158,29,"34-51","34","FAF",10/02/2016 21:56:07,3,1
159,34,"34-51","3-28","INTANGIBLE",10/02/2016 21:56:07,3,4
160,34,"34-51","34","FAF",10/02/2016 21:56:07,3,1
161,47,"52","4-25","INTANGIBLE",10/02/2016 21:56:07,3,4
162,47,"52","34","FAF",10/02/2016 21:56:07,3,1
163,19,"53-57","4-29","INTANGIBLE",10/02/2016 21:56:07,3,4
164,19,"53-57","35","FAF",10/02/2016 21:56:07,3,1
165,10,"53-57","4-29","INTANGIBLE",10/02/2016 21:56:07,3,4
166,10,"53-57","35","FAF",10/02/2016 21:56:07,3,1
167,15,"53-57","4-29","INTANGIBLE",10/02/2016 21:56:07,3,4
168,15,"53-57","35","FAF",10/02/2016 21:56:07,3,1
169,18,"53-57","4-29","INTANGIBLE",10/02/2016 21:56:07,3,4
170,18,"53-57","35","FAF",10/02/2016 21:56:07,3,1
171,2,"53-57","4-29","INTANGIBLE",10/02/2016 21:56:07,3,4
172,2,"53-57","35","FAF",10/02/2016 21:56:07,3,1
173,1,"58","5-27 (Bat Within: 1-4)","INTANGIBLE",10/02/2016 21:56:07,3,4
174,1,"58","37","FAF",10/02/2016 21:56:07,3,1
175,56,"1","1.28","MAX AIR SPEED VALUE",10/02/2016 21:56:07,5,5
176,18,"2","1.269","MAX AIR SPEED VALUE",10/02/2016 21:56:07,5,5
177,31,"3","1.25","MAX AIR SPEED VALUE",10/02/2016 21:56:07,5,5
178,46,"4","1.24","MAX AIR SPEED VALUE",10/02/2016 21:56:07,5,5
179,54,"5","1.21","MAX AIR SPEED VALUE",10/02/2016 21:56:07,5,5
180,58,"6-7","1.2","MAX AIR SPEED VALUE",10/02/2016 21:56:07,5,5
181,32,"6-7","1.2","MAX AIR SPEED VALUE",10/02/2016 21:56:07,5,5
182,16,"8","1.18","MAX AIR SPEED VALUE",10/02/2016 21:56:07,5,5
183,51,"9-11","1.15","MAX AIR SPEED VALUE",10/02/2016 21:56:07,5,5
184,10,"9-11","1.15","MAX AIR SPEED VALUE",10/02/2016 21:56:08,5,5
185,27,"9-11","1.15","MAX AIR SPEED VALUE",10/02/2016 21:56:08,5,5
186,35,"12-13","1.12","MAX AIR SPEED VALUE",10/02/2016 21:56:08,5,5
187,47,"12-13","1.12","MAX AIR SPEED VALUE",10/02/2016 21:56:08,5,5
188,6,"14-19","1.1","MAX AIR SPEED VALUE",10/02/2016 21:56:08,5,5
189,49,"14-19","1.1","MAX AIR SPEED VALUE",10/02/2016 21:56:08,5,5
190,4,"14-19","1.1","MAX AIR SPEED VALUE",10/02/2016 21:56:08,5,5
191,12,"14-19","1.1","MAX AIR SPEED VALUE",10/02/2016 21:56:08,5,5
192,29,"14-19","1.1","MAX AIR SPEED VALUE",10/02/2016 21:56:08,5,5
193,24,"14-19","1.1","MAX AIR SPEED VALUE",10/02/2016 21:56:08,5,5
194,23,"20","1.09","MAX AIR SPEED VALUE",10/02/2016 21:56:08,5,5
195,17,"21-23","1.08","MAX AIR SPEED VALUE",10/02/2016 21:56:08,5,5
196,43,"21-23","1.08","MAX AIR SPEED VALUE",10/02/2016 21:56:08,5,5
197,3,"21-23","1.08","MAX AIR SPEED VALUE",10/02/2016 21:56:08,5,5
198,50,"24","1.06","MAX AIR SPEED VALUE",10/02/2016 21:56:08,5,5
199,33,"25","1.05","MAX AIR SPEED VALUE",10/02/2016 21:56:08,5,5
200,38,"26-27","1.04","MAX AIR SPEED VALUE",10/02/2016 21:56:08,5,5
201,57,"26-27","1.04","MAX AIR SPEED VALUE",10/02/2016 21:56:08,5,5
202,48,"28","1.03","MAX AIR SPEED VALUE",10/02/2016 21:56:08,5,5
203,28,"29-30","1.02","MAX AIR SPEED VALUE",10/02/2016 21:56:08,5,5
204,25,"29-30","1.02","MAX AIR SPEED VALUE",10/02/2016 21:56:08,5,5
205,2,"31-34","1","MAX AIR SPEED VALUE",10/02/2016 21:56:08,5,5
206,45,"31-34","1","MAX AIR SPEED VALUE",10/02/2016 21:56:08,5,5
207,44,"31-34","1","MAX AIR SPEED VALUE",10/02/2016 21:56:08,5,5
208,22,"31-34","1","MAX AIR SPEED VALUE",10/02/2016 21:56:08,5,5
209,30,"35","0.99","MAX AIR SPEED VALUE",10/02/2016 21:56:08,5,5
210,1,"36-38","0.97","MAX AIR SPEED VALUE",10/02/2016 21:56:08,5,5
211,55,"36-38","0.97","MAX AIR SPEED VALUE",10/02/2016 21:56:08,5,5
212,7,"36-38","0.97","MAX AIR SPEED VALUE",10/02/2016 21:56:08,5,5
213,14,"39-40","0.96","MAX AIR SPEED VALUE",10/02/2016 21:56:08,5,5
214,34,"39-40","0.96","MAX AIR SPEED VALUE",10/02/2016 21:56:09,5,5
215,36,"41","0.9588","MAX AIR SPEED VALUE",10/02/2016 21:56:09,5,5
216,40,"42","0.95","MAX AIR SPEED VALUE",10/02/2016 21:56:09,5,5
217,11,"43","0.943","MAX AIR SPEED VALUE",10/02/2016 21:56:09,5,5
218,52,"44-45","0.94","MAX AIR SPEED VALUE",10/02/2016 21:56:09,5,5
219,53,"44-45","0.94","MAX AIR SPEED VALUE",10/02/2016 21:56:09,5,5
220,13,"46","0.93","MAX AIR SPEED VALUE",10/02/2016 21:56:09,5,5
221,5,"47","0.92","MAX AIR SPEED VALUE",10/02/2016 21:56:09,5,5
222,41,"48","0.9118","MAX AIR SPEED VALUE",10/02/2016 21:56:09,5,5
223,39,"49","0.91","MAX AIR SPEED VALUE",10/02/2016 21:56:09,5,5
224,42,"50-51","0.89","MAX AIR SPEED VALUE",10/02/2016 21:56:09,5,5
225,8,"50-51","0.89","MAX AIR SPEED VALUE",10/02/2016 21:56:09,5,5
226,21,"52-53","0.88","MAX AIR SPEED VALUE",10/02/2016 21:56:09,5,5
227,9,"52-53","0.88","MAX AIR SPEED VALUE",10/02/2016 21:56:09,5,5
228,37,"54","0.82","MAX AIR SPEED VALUE",10/02/2016 21:56:09,5,5
229,20,"55","0.8","MAX AIR SPEED VALUE",10/02/2016 21:56:09,5,5
230,15,"56","0.79","MAX AIR SPEED VALUE",10/02/2016 21:56:09,5,5
231,26,"57","0.73418","MAX AIR SPEED VALUE",10/02/2016 21:56:09,5,5
232,19,"58","0.63","MAX AIR SPEED VALUE",10/02/2016 21:56:09,5,5
233,14,"1","2.05","MAX FALL SPEED",10/02/2016 21:56:09,8,6
234,14,"1","3.28","FAST FALL SPEED",10/02/2016 21:56:09,8,2
235,14,"1","60%","SPEED INCREASE",10/02/2016 21:56:09,8,8
236,19,"2","1.95","MAX FALL SPEED",10/02/2016 21:56:09,8,6
237,19,"2","3.12","FAST FALL SPEED",10/02/2016 21:56:09,8,2
238,19,"2","60%","SPEED INCREASE",10/02/2016 21:56:09,8,8
239,16,"3","1.85","MAX FALL SPEED",10/02/2016 21:56:09,8,6
240,16,"3","2.96","FAST FALL SPEED",10/02/2016 21:56:09,8,2
241,16,"3","60%","SPEED INCREASE",10/02/2016 21:56:10,8,8
242,4,"4","1.837","MAX FALL SPEED",10/02/2016 21:56:10,8,6
243,4,"4","2.9392","FAST FALL SPEED",10/02/2016 21:56:10,8,2
244,4,"4","60%","SPEED INCREASE",10/02/2016 21:56:10,8,8
245,46,"5-8","1.8","MAX FALL SPEED",10/02/2016 21:56:10,8,6
246,46,"5-8","2.9","FAST FALL SPEED",10/02/2016 21:56:10,8,2
247,46,"5-8","61%","SPEED INCREASE",10/02/2016 21:56:10,8,8
248,29,"5-8","1.8","MAX FALL SPEED",10/02/2016 21:56:10,8,6
249,29,"5-8","2.88","FAST FALL SPEED",10/02/2016 21:56:10,8,2
250,29,"5-8","60%","SPEED INCREASE",10/02/2016 21:56:10,8,8
251,22,"5-8","1.8","MAX FALL SPEED",10/02/2016 21:56:10,8,6
252,22,"5-8","2.88","FAST FALL SPEED",10/02/2016 21:56:10,8,2
253,22,"5-8","60%","SPEED INCREASE",10/02/2016 21:56:10,8,8
254,13,"5-8","1.8","MAX FALL SPEED",10/02/2016 21:56:10,8,6
255,13,"5-8","2.88","FAST FALL SPEED",10/02/2016 21:56:10,8,2
256,13,"5-8","60%","SPEED INCREASE",10/02/2016 21:56:10,8,8
257,1,"9","1.77","MAX FALL SPEED",10/02/2016 21:56:10,8,6
258,1,"9","2.832","FAST FALL SPEED",10/02/2016 21:56:10,8,2
259,1,"9","60%","SPEED INCREASE",10/02/2016 21:56:10,8,8
260,49,"10-11","1.75","MAX FALL SPEED",10/02/2016 21:56:10,8,6
261,49,"10-11","2.8","FAST FALL SPEED",10/02/2016 21:56:10,8,2
262,49,"10-11","60%","SPEED INCREASE",10/02/2016 21:56:10,8,8
263,9,"10-11","1.75","MAX FALL SPEED",10/02/2016 21:56:10,8,6
264,9,"10-11","2.8","FAST FALL SPEED",10/02/2016 21:56:10,8,2
265,9,"10-11","60%","SPEED INCREASE",10/02/2016 21:56:10,8,8
266,58,"12-13","1.7","MAX FALL SPEED",10/02/2016 21:56:10,8,6
267,58,"12-13","2.72","FAST FALL SPEED",10/02/2016 21:56:10,8,2
268,58,"12-13","60%","SPEED INCREASE",10/02/2016 21:56:10,8,8
269,32,"12-13","1.7","MAX FALL SPEED",10/02/2016 21:56:10,8,6
270,32,"12-13","2.72","FAST FALL SPEED",10/02/2016 21:56:11,8,2
271,32,"12-13","60%","SPEED INCREASE",10/02/2016 21:56:11,8,8
272,6,"14-15","1.68","MAX FALL SPEED",10/02/2016 21:56:11,8,6
273,6,"14-15","2.688","FAST FALL SPEED",10/02/2016 21:56:11,8,2
274,6,"14-15","60%","SPEED INCREASE",10/02/2016 21:56:11,8,8
275,23,"14-15","1.68","MAX FALL SPEED",10/02/2016 21:56:11,8,6
276,23,"14-15","2.688","FAST FALL SPEED",10/02/2016 21:56:11,8,2
277,23,"14-15","60%","SPEED INCREASE",10/02/2016 21:56:11,8,8
278,30,"16","1.66","MAX FALL SPEED",10/02/2016 21:56:11,8,6
279,30,"16","2.656","FAST FALL SPEED",10/02/2016 21:56:11,8,2
280,30,"16","60%","SPEED INCREASE",10/02/2016 21:56:11,8,8
281,17,"17-21","1.65","MAX FALL SPEED",10/02/2016 21:56:11,8,6
282,17,"17-21","2.64","FAST FALL SPEED",10/02/2016 21:56:11,8,2
283,17,"17-21","60%","SPEED INCREASE",10/02/2016 21:56:11,8,8
284,7,"17-21","1.65","MAX FALL SPEED",10/02/2016 21:56:11,8,6
285,7,"17-21","2.64","FAST FALL SPEED",10/02/2016 21:56:11,8,2
286,7,"17-21","60%","SPEED INCREASE",10/02/2016 21:56:11,8,8
287,3,"17-21","1.65","MAX FALL SPEED",10/02/2016 21:56:11,8,6
288,3,"17-21","2.64","FAST FALL SPEED",10/02/2016 21:56:11,8,2
289,3,"17-21","60%","SPEED INCREASE",10/02/2016 21:56:11,8,8
290,15,"17-21","1.65","MAX FALL SPEED",10/02/2016 21:56:11,8,6
291,15,"17-21","2.64","FAST FALL SPEED",10/02/2016 21:56:11,8,2
292,15,"17-21","60%","SPEED INCREASE",10/02/2016 21:56:11,8,8
293,12,"17-21","1.65","MAX FALL SPEED",10/02/2016 21:56:11,8,6
294,12,"17-21","2.64","FAST FALL SPEED",10/02/2016 21:56:11,8,2
295,12,"17-21","60%","SPEED INCREASE",10/02/2016 21:56:11,8,8
296,10,"22","1.63","MAX FALL SPEED",10/02/2016 21:56:11,8,6
297,10,"22","2.608","FAST FALL SPEED",10/02/2016 21:56:11,8,2
298,10,"22","60%","SPEED INCREASE",10/02/2016 21:56:11,8,8
299,54,"23","1.61","MAX FALL SPEED",10/02/2016 21:56:11,8,6
300,54,"23","2.576","FAST FALL SPEED",10/02/2016 21:56:12,8,2
301,54,"23","60%","SPEED INCREASE",10/02/2016 21:56:12,8,8
302,21,"24-27","1.6","MAX FALL SPEED",10/02/2016 21:56:12,8,6
303,21,"24-27","3.04","FAST FALL SPEED",10/02/2016 21:56:12,8,2
304,21,"24-27","90%","SPEED INCREASE",10/02/2016 21:56:12,8,8
305,47,"24-27","1.6","MAX FALL SPEED",10/02/2016 21:56:12,8,6
306,47,"24-27","2.24","FAST FALL SPEED",10/02/2016 21:56:12,8,2
307,47,"24-27","40%","SPEED INCREASE",10/02/2016 21:56:12,8,8
308,43,"24-27","1.6","MAX FALL SPEED",10/02/2016 21:56:12,8,6
309,43,"24-27","2.56","FAST FALL SPEED",10/02/2016 21:56:12,8,2
310,43,"24-27","60%","SPEED INCREASE",10/02/2016 21:56:12,8,8
311,34,"24-27","1.6","MAX FALL SPEED",10/02/2016 21:56:12,8,6
312,34,"24-27","2.56","FAST FALL SPEED",10/02/2016 21:56:12,8,2
313,34,"24-27","60%","SPEED INCREASE",10/02/2016 21:56:12,8,8
314,28,"28-29","1.58","MAX FALL SPEED",10/02/2016 21:56:12,8,6
315,28,"28-29","2.528","FAST FALL SPEED",10/02/2016 21:56:12,8,2
316,28,"28-29","60%","SPEED INCREASE",10/02/2016 21:56:12,8,8
317,25,"28-29","1.58","MAX FALL SPEED",10/02/2016 21:56:12,8,6
318,25,"28-29","2.528","FAST FALL SPEED",10/02/2016 21:56:12,8,2
319,25,"28-29","60%","SPEED INCREASE",10/02/2016 21:56:12,8,8
320,41,"30","1.55","MAX FALL SPEED",10/02/2016 21:56:12,8,6
321,41,"30","2.48","FAST FALL SPEED",10/02/2016 21:56:12,8,2
322,41,"30","60%","SPEED INCREASE",10/02/2016 21:56:12,8,8
323,31,"32-35","1.5","MAX FALL SPEED",10/02/2016 21:56:12,8,6
324,31,"32-35","2.4","FAST FALL SPEED",10/02/2016 21:56:12,8,2
325,31,"32-35","60%","SPEED INCREASE",10/02/2016 21:56:12,8,8
326,27,"32-35","1.5","MAX FALL SPEED",10/02/2016 21:56:12,8,6
327,27,"32-35","2.4","FAST FALL SPEED",10/02/2016 21:56:12,8,2
328,27,"32-35","60%","SPEED INCREASE",10/02/2016 21:56:12,8,8
329,11,"32-35","1.5","MAX FALL SPEED",10/02/2016 21:56:13,8,6
330,11,"32-35","2.4","FAST FALL SPEED",10/02/2016 21:56:13,8,2
331,11,"32-35","60%","SPEED INCREASE",10/02/2016 21:56:13,8,8
332,44,"32-35","1.5","MAX FALL SPEED",10/02/2016 21:56:13,8,6
333,44,"32-35","2.4","FAST FALL SPEED",10/02/2016 21:56:13,8,2
334,44,"32-35","60%","SPEED INCREASE",10/02/2016 21:56:13,8,8
335,50,"32-35","1.5","MAX FALL SPEED",10/02/2016 21:56:13,8,6
336,50,"32-35","2.4","FAST FALL SPEED",10/02/2016 21:56:13,8,2
337,50,"32-35","60%","SPEED INCREASE",10/02/2016 21:56:13,8,8
338,42,"36-37","1.48","MAX FALL SPEED",10/02/2016 21:56:13,8,6
339,42,"36-37","2.368","FAST FALL SPEED",10/02/2016 21:56:13,8,2
340,42,"36-37","60%","SPEED INCREASE",10/02/2016 21:56:13,8,8
341,8,"36-37","1.48","MAX FALL SPEED",10/02/2016 21:56:13,8,6
342,8,"36-37","2.368","FAST FALL SPEED",10/02/2016 21:56:13,8,2
343,8,"36-37","60%","SPEED INCREASE",10/02/2016 21:56:13,8,8
344,51,"38-39","1.45","MAX FALL SPEED",10/02/2016 21:56:13,8,6
345,51,"38-39","2.32","FAST FALL SPEED",10/02/2016 21:56:13,8,2
346,51,"38-39","60%","SPEED INCREASE",10/02/2016 21:56:13,8,8
347,33,"38-39","1.45","MAX FALL SPEED",10/02/2016 21:56:13,8,6
348,33,"38-39","2.32","FAST FALL SPEED",10/02/2016 21:56:13,8,2
349,33,"38-39","60%","SPEED INCREASE",10/02/2016 21:56:13,8,8
350,39,"40-41","1.4","MAX FALL SPEED",10/02/2016 21:56:13,8,6
351,39,"40-41","2.24","FAST FALL SPEED",10/02/2016 21:56:13,8,2
352,39,"40-41","60%","SPEED INCREASE",10/02/2016 21:56:13,8,8
353,5,"40-41","1.4","MAX FALL SPEED",10/02/2016 21:56:13,8,6
354,5,"40-41","2.24","FAST FALL SPEED",10/02/2016 21:56:13,8,2
355,5,"40-41","60%","SPEED INCREASE",10/02/2016 21:56:13,8,8
356,2,"42","1.39","MAX FALL SPEED",10/02/2016 21:56:13,8,6
357,2,"42","2.224","FAST FALL SPEED",10/02/2016 21:56:13,8,2
358,2,"42","60%","SPEED INCREASE",10/02/2016 21:56:14,8,8
359,24,"43","1.37","MAX FALL SPEED",10/02/2016 21:56:14,8,6
360,24,"43","2.192","FAST FALL SPEED",10/02/2016 21:56:14,8,2
361,24,"43","60%","SPEED INCREASE",10/02/2016 21:56:14,8,8
362,57,"44-46","1.35","MAX FALL SPEED",10/02/2016 21:56:14,8,6
363,57,"44-46","2.16","FAST FALL SPEED",10/02/2016 21:56:14,8,2
364,57,"44-46","60%","SPEED INCREASE",10/02/2016 21:56:14,8,8
365,38,"44-46","1.35","MAX FALL SPEED",10/02/2016 21:56:14,8,6
366,38,"44-46","2.16","FAST FALL SPEED",10/02/2016 21:56:14,8,2
367,38,"44-46","60%","SPEED INCREASE",10/02/2016 21:56:14,8,8
368,37,"44-46","1.35","MAX FALL SPEED",10/02/2016 21:56:14,8,6
369,37,"44-46","2.16","FAST FALL SPEED",10/02/2016 21:56:14,8,2
370,37,"44-46","60%","SPEED INCREASE",10/02/2016 21:56:14,8,8
371,53,"47","1.32","MAX FALL SPEED",10/02/2016 21:56:14,8,6
372,53,"47","2.112","FAST FALL SPEED",10/02/2016 21:56:14,8,2
373,53,"47","60%","SPEED INCREASE",10/02/2016 21:56:14,8,8
374,36,"48","1.31","MAX FALL SPEED",10/02/2016 21:56:14,8,6
375,36,"48","2.096","FAST FALL SPEED",10/02/2016 21:56:14,8,2
376,36,"48","60%","SPEED INCREASE",10/02/2016 21:56:14,8,8
377,55,"49-50","1.3","MAX FALL SPEED",10/02/2016 21:56:14,8,6
378,55,"49-50","2.08","FAST FALL SPEED",10/02/2016 21:56:14,8,2
379,55,"49-50","60%","SPEED INCREASE",10/02/2016 21:56:14,8,8
380,48,"49-50","1.3","MAX FALL SPEED",10/02/2016 21:56:14,8,6
381,48,"49-50","2.08","FAST FALL SPEED",10/02/2016 21:56:14,8,2
382,48,"49-50","60%","SPEED INCREASE",10/02/2016 21:56:14,8,8
383,56,"51","1.29","MAX FALL SPEED",10/02/2016 21:56:14,8,6
384,56,"51","2.064","FAST FALL SPEED",10/02/2016 21:56:14,8,2
385,56,"51","60%","SPEED INCREASE",10/02/2016 21:56:14,8,8
386,52,"52","1.28","MAX FALL SPEED",10/02/2016 21:56:15,8,6
387,52,"52","2.048","FAST FALL SPEED",10/02/2016 21:56:15,8,2
388,52,"52","60%","SPEED INCREASE",10/02/2016 21:56:15,8,8
389,26,"53","1.25","MAX FALL SPEED",10/02/2016 21:56:15,8,6
390,26,"53","2.0","FAST FALL SPEED",10/02/2016 21:56:15,8,2
391,26,"53","60%","SPEED INCREASE",10/02/2016 21:56:15,8,8
392,35,"54","1.24","MAX FALL SPEED",10/02/2016 21:56:15,8,6
393,35,"54","1.984","FAST FALL SPEED",10/02/2016 21:56:15,8,2
394,35,"54","60%","SPEED INCREASE",10/02/2016 21:56:15,8,8
395,20,"55","1.23","MAX FALL SPEED",10/02/2016 21:56:15,8,6
396,20,"55","1.968","FAST FALL SPEED",10/02/2016 21:56:15,8,2
397,20,"55","60%","SPEED INCREASE",10/02/2016 21:56:15,8,8
398,45,"56","1.2","MAX FALL SPEED",10/02/2016 21:56:15,8,6
399,45,"56","1.92","FAST FALL SPEED",10/02/2016 21:56:15,8,2
400,45,"56","60%","SPEED INCREASE",10/02/2016 21:56:15,8,8
401,40,"57","1.15","MAX FALL SPEED",10/02/2016 21:56:15,8,6
402,40,"57","1.84","FAST FALL SPEED",10/02/2016 21:56:15,8,2
403,40,"57","60%","SPEED INCREASE",10/02/2016 21:56:15,8,8
404,18,"58","0.98","MAX FALL SPEED",10/02/2016 21:56:15,8,6
405,18,"58","1.568","FAST FALL SPEED",10/02/2016 21:56:15,8,2
406,18,"58","60%","SPEED INCREASE",10/02/2016 21:56:15,8,8
407,14,"1","0.19","VALUE",10/02/2016 21:56:15,10,9
408,16,"2","0.18","VALUE",10/02/2016 21:56:15,10,9
409,49,"3","0.15","VALUE",10/02/2016 21:56:15,10,9
410,13,"4","0.13","VALUE",10/02/2016 21:56:15,10,9
411,4,"5-8","0.12","VALUE",10/02/2016 21:56:16,10,9
412,58,"5-8","0.12","VALUE",10/02/2016 21:56:16,10,9
413,1,"5-8","0.12","VALUE",10/02/2016 21:56:16,10,9
414,47,"5-8","0.12","VALUE",10/02/2016 21:56:16,10,9
415,46,"9","0.114","VALUE",10/02/2016 21:56:16,10,9
416,2,"10-12","0.11","VALUE",10/02/2016 21:56:16,10,9
417,5,"10-12","0.11","VALUE",10/02/2016 21:56:16,10,9
418,30,"10-12","0.11","VALUE",10/02/2016 21:56:16,10,9
419,15,"13","0.10784","VALUE",10/02/2016 21:56:16,10,9
420,29,"14","0.1071","VALUE",10/02/2016 21:56:16,10,9
421,39,"15-16","0.105","VALUE",10/02/2016 21:56:16,10,9
422,9,"15-16","0.105","VALUE",10/02/2016 21:56:16,10,9
423,32,"17","0.1","VALUE",10/02/2016 21:56:16,10,9
424,6,"18","0.098","VALUE",10/02/2016 21:56:16,10,9
425,21,"19-20","0.096","VALUE",10/02/2016 21:56:16,10,9
426,34,"19-20","0.096","VALUE",10/02/2016 21:56:16,10,9
427,41,"21","0.095","VALUE",10/02/2016 21:56:16,10,9
428,54,"22-25","0.092","VALUE",10/02/2016 21:56:16,10,9
429,3,"22-25","0.092","VALUE",10/02/2016 21:56:16,10,9
430,17,"22-25","0.092","VALUE",10/02/2016 21:56:16,10,9
431,7,"22-25","0.092","VALUE",10/02/2016 21:56:16,10,9
432,43,"26-29","0.09","VALUE",10/02/2016 21:56:16,10,9
433,55,"26-29","0.09","VALUE",10/02/2016 21:56:16,10,9
434,51,"26-29","0.09","VALUE",10/02/2016 21:56:16,10,9
435,24,"26-29","0.09","VALUE",10/02/2016 21:56:16,10,9
436,44,"30","0.089","VALUE",10/02/2016 21:56:16,10,9
437,19,"31","0.08788","VALUE",10/02/2016 21:56:16,10,9
438,27,"32-34","0.08715","VALUE",10/02/2016 21:56:16,10,9
439,11,"32-34","0.08715","VALUE",10/02/2016 21:56:16,10,9
440,33,"32-34","0.08715","VALUE",10/02/2016 21:56:17,10,9
441,10,"35","0.08505","VALUE",10/02/2016 21:56:17,10,9
442,50,"36","0.085","VALUE",10/02/2016 21:56:17,10,9
443,23,"37","0.084","VALUE",10/02/2016 21:56:17,10,9
444,31,"38","0.082","VALUE",10/02/2016 21:56:17,10,9
445,8,"39-40","0.081","VALUE",10/02/2016 21:56:17,10,9
446,42,"39-40","0.081","VALUE",10/02/2016 21:56:17,10,9
447,22,"41-43","0.08","VALUE",10/02/2016 21:56:17,10,9
448,35,"41-43","0.08","VALUE",10/02/2016 21:56:17,10,9
449,56,"41-43","0.08","VALUE",10/02/2016 21:56:17,10,9
450,52,"44","0.079","VALUE",10/02/2016 21:56:17,10,9
451,53,"45","0.078","VALUE",10/02/2016 21:56:17,10,9
452,36,"46-47","0.077","VALUE",10/02/2016 21:56:17,10,9
453,48,"46-47","0.077","VALUE",10/02/2016 21:56:17,10,9
454,12,"48","0.076","VALUE",10/02/2016 21:56:17,10,9
455,28,"49-51","0.075","VALUE",10/02/2016 21:56:17,10,9
456,25,"49-51","0.075","VALUE",10/02/2016 21:56:17,10,9
457,26,"49-51","0.075","VALUE",10/02/2016 21:56:17,10,9
458,38,"52","0.072","VALUE",10/02/2016 21:56:17,10,9
459,57,"53","0.071","VALUE",10/02/2016 21:56:17,10,9
460,37,"54-55","0.068","VALUE",10/02/2016 21:56:17,10,9
461,40,"54-55","0.068","VALUE",10/02/2016 21:56:17,10,9
462,20,"56","0.06405","VALUE",10/02/2016 21:56:17,10,9
463,45,"57","0.062","VALUE",10/02/2016 21:56:17,10,9
464,18,"58","0.05309","VALUE",10/02/2016 21:56:17,10,9
465,49,"1-13","4","VALUE",10/02/2016 21:56:17,12,9
466,14,"1-13","4","VALUE",10/02/2016 21:56:18,12,9
467,1,"1-13","4","VALUE",10/02/2016 21:56:18,12,9
468,6,"1-13","4","VALUE",10/02/2016 21:56:18,12,9
469,58,"1-13","4","VALUE",10/02/2016 21:56:18,12,9
470,41,"1-13","4","VALUE",10/02/2016 21:56:18,12,9
471,29,"1-13","4","VALUE",10/02/2016 21:56:18,12,9
472,30,"1-13","4","VALUE",10/02/2016 21:56:18,12,9
473,16,"1-13","4","VALUE",10/02/2016 21:56:18,12,9
474,12,"1-13","4","VALUE",10/02/2016 21:56:18,12,9
475,9,"1-13","4","VALUE",10/02/2016 21:56:18,12,9
476,20,"1-13","4","VALUE",10/02/2016 21:56:18,12,9
477,48,"1-13","4","VALUE",10/02/2016 21:56:18,12,9
478,4,"14-42","5","VALUE",10/02/2016 21:56:18,12,9
479,22,"14-42","5","VALUE",10/02/2016 21:56:18,12,9
480,26,"14-42","5","VALUE",10/02/2016 21:56:18,12,9
481,32,"14-42","5","VALUE",10/02/2016 21:56:18,12,9
482,33,"14-42","5","VALUE",10/02/2016 21:56:18,12,9
483,8,"14-42","5","VALUE",10/02/2016 21:56:18,12,9
484,42,"14-42","5","VALUE",10/02/2016 21:56:18,12,9
485,31,"14-42","5","VALUE",10/02/2016 21:56:18,12,9
486,27,"14-42","5","VALUE",10/02/2016 21:56:18,12,9
487,11,"14-42","5","VALUE",10/02/2016 21:56:18,12,9
488,23,"14-42","5","VALUE",10/02/2016 21:56:18,12,9
489,37,"14-42","5","VALUE",10/02/2016 21:56:18,12,9
490,25,"14-42","5","VALUE",10/02/2016 21:56:18,12,9
491,28,"14-42","5","VALUE",10/02/2016 21:56:18,12,9
492,35,"14-42","5","VALUE",10/02/2016 21:56:18,12,9
493,40,"14-42","5","VALUE",10/02/2016 21:56:18,12,9
494,39,"14-42","5","VALUE",10/02/2016 21:56:18,12,9
495,38,"14-42","5","VALUE",10/02/2016 21:56:19,12,9
496,36,"14-42","5","VALUE",10/02/2016 21:56:19,12,9
497,46,"14-42","5","VALUE",10/02/2016 21:56:19,12,9
498,47,"14-42","5","VALUE",10/02/2016 21:56:19,12,9
499,45,"14-42","5","VALUE",10/02/2016 21:56:19,12,9
500,50,"14-42","5","VALUE",10/02/2016 21:56:19,12,9
501,52,"14-42","5","VALUE",10/02/2016 21:56:19,12,9
502,53,"14-42","5","VALUE",10/02/2016 21:56:19,12,9
503,55,"14-42","5","VALUE",10/02/2016 21:56:19,12,9
504,24,"14-42","5","VALUE",10/02/2016 21:56:19,12,9
505,43,"14-42","5","VALUE",10/02/2016 21:56:19,12,9
506,51,"14-42","5","VALUE",10/02/2016 21:56:19,12,9
507,54,"43-51","6","VALUE",10/02/2016 21:56:19,12,9
508,18,"43-51","6","VALUE",10/02/2016 21:56:19,12,9
509,56,"43-51","6","VALUE",10/02/2016 21:56:19,12,9
510,57,"43-51","6","VALUE",10/02/2016 21:56:19,12,9
511,19,"43-51","6","VALUE",10/02/2016 21:56:19,12,9
512,13,"43-51","6","VALUE",10/02/2016 21:56:19,12,9
513,7,"43-51","6","VALUE",10/02/2016 21:56:19,12,9
514,3,"43-51","6","VALUE",10/02/2016 21:56:19,12,9
515,10,"43-51","6","VALUE",10/02/2016 21:56:19,12,9
516,44,"52-57","7","VALUE",10/02/2016 21:56:19,12,9
517,21,"52-57","7","VALUE",10/02/2016 21:56:19,12,9
518,17,"52-57","7","VALUE",10/02/2016 21:56:19,12,9
519,15,"52-57","7","VALUE",10/02/2016 21:56:19,12,9
520,5,"52-57","7","VALUE",10/02/2016 21:56:19,12,9
521,34,"52-57","7","VALUE",10/02/2016 21:56:19,12,9
522,2,"58","8","VALUE",10/02/2016 21:56:20,12,9
523,49,"1-2","1-33","INTANGIBILITY",10/02/2016 21:56:20,13,3
524,49,"1-2","50","FAF",10/02/2016 21:56:20,13,1
525,19,"1-2","1-33","INTANGIBILITY",10/02/2016 21:56:20,13,3
526,19,"1-2","50","FAF",10/02/2016 21:56:20,13,1
527,27,"3-7","1-32","INTANGIBILITY",10/02/2016 21:56:20,13,3
528,27,"3-7","50","FAF",10/02/2016 21:56:20,13,1
529,26,"3-7","1-32","INTANGIBILITY",10/02/2016 21:56:20,13,3
530,26,"3-7","50","FAF",10/02/2016 21:56:20,13,1
531,11,"3-7","1-32","INTANGIBILITY",10/02/2016 21:56:20,13,3
532,11,"3-7","50","FAF",10/02/2016 21:56:20,13,1
533,50,"3-7","1-32","INTANGIBILITY",10/02/2016 21:56:20,13,3
534,50,"3-7","50","FAF",10/02/2016 21:56:20,13,1
535,30,"3-7","1-32","INTANGIBILITY",10/02/2016 21:56:20,13,3
536,30,"3-7","50","FAF",10/02/2016 21:56:20,13,1
537,45,"8-12","1-31","INTANGIBILITY",10/02/2016 21:56:20,13,3
538,45,"8-12","50","FAF",10/02/2016 21:56:20,13,1
539,3,"8-12","1-31","INTANGIBILITY",10/02/2016 21:56:20,13,3
540,3,"8-12","50","FAF",10/02/2016 21:56:20,13,1
541,13,"8-12","1-31","INTANGIBILITY",10/02/2016 21:56:20,13,3
542,13,"8-12","50","FAF",10/02/2016 21:56:20,13,1
543,51,"8-12","1-31","INTANGIBILITY",10/02/2016 21:56:20,13,3
544,51,"8-12","50","FAF",10/02/2016 21:56:20,13,1
545,47,"8-12","1-31","INTANGIBILITY",10/02/2016 21:56:20,13,3
546,47,"8-12","50","FAF",10/02/2016 21:56:20,13,1
547,29,"13-17","1-30","INTANGIBILITY",10/02/2016 21:56:21,13,3
548,29,"13-17","50","FAF",10/02/2016 21:56:21,13,1
549,38,"13-17","1-30","INTANGIBILITY",10/02/2016 21:56:21,13,3
550,38,"13-17","50","FAF",10/02/2016 21:56:21,13,1
551,43,"13-17","1-30","INTANGIBILITY",10/02/2016 21:56:21,13,3
552,43,"13-17","50","FAF",10/02/2016 21:56:21,13,1
553,12,"13-17","1-30","INTANGIBILITY",10/02/2016 21:56:21,13,3
554,12,"13-17","50","FAF",10/02/2016 21:56:21,13,1
555,10,"13-17","1-30","INTANGIBILITY",10/02/2016 21:56:21,13,3
556,10,"13-17","50","FAF",10/02/2016 21:56:21,13,1
557,57,"18-21","1-29","INTANGIBILITY",10/02/2016 21:56:21,13,3
558,57,"18-21","50","FAF",10/02/2016 21:56:21,13,1
559,34,"18-21","1-29","INTANGIBILITY",10/02/2016 21:56:21,13,3
560,34,"18-21","50","FAF",10/02/2016 21:56:21,13,1
561,22,"18-21","1-29","INTANGIBILITY",10/02/2016 21:56:21,13,3
562,22,"18-21","50","FAF",10/02/2016 21:56:21,13,1
563,16,"18-21","1-29","INTANGIBILITY",10/02/2016 21:56:21,13,3
564,16,"18-21","50","FAF",10/02/2016 21:56:21,13,1
565,37,"22-25","1-28","INTANGIBILITY",10/02/2016 21:56:21,13,3
566,37,"22-25","50","FAF",10/02/2016 21:56:21,13,1
567,18,"22-25","1-28","INTANGIBILITY",10/02/2016 21:56:21,13,3
568,18,"22-25","50","FAF",10/02/2016 21:56:21,13,1
569,14,"22-25","1-28","INTANGIBILITY",10/02/2016 21:56:21,13,3
570,14,"22-25","50","FAF",10/02/2016 21:56:21,13,1
571,40,"22-25","1-28","INTANGIBILITY",10/02/2016 21:56:21,13,3
572,40,"22-25","50","FAF",10/02/2016 21:56:21,13,1
573,54,"26-36","1-27","INTANGIBILITY",10/02/2016 21:56:21,13,3
574,54,"26-36","50","FAF",10/02/2016 21:56:21,13,1
575,33,"26-36","1-27","INTANGIBILITY",10/02/2016 21:56:22,13,3
576,33,"26-36","50","FAF",10/02/2016 21:56:22,13,1
577,32,"26-36","1-27","INTANGIBILITY",10/02/2016 21:56:22,13,3
578,32,"26-36","50","FAF",10/02/2016 21:56:22,13,1
579,35,"26-36","1-27","INTANGIBILITY",10/02/2016 21:56:22,13,3
580,35,"26-36","50","FAF",10/02/2016 21:56:22,13,1
581,21,"26-36","1-27","INTANGIBILITY",10/02/2016 21:56:22,13,3
582,21,"26-36","50","FAF",10/02/2016 21:56:22,13,1
583,28,"26-36","1-27","INTANGIBILITY",10/02/2016 21:56:22,13,3
584,28,"26-36","50","FAF",10/02/2016 21:56:22,13,1
585,25,"26-36","1-27","INTANGIBILITY",10/02/2016 21:56:22,13,3
586,25,"26-36","50","FAF",10/02/2016 21:56:22,13,1
587,23,"26-36","1-27","INTANGIBILITY",10/02/2016 21:56:22,13,3
588,23,"26-36","50","FAF",10/02/2016 21:56:22,13,1
589,53,"26-36","1-27","INTANGIBILITY",10/02/2016 21:56:22,13,3
590,53,"26-36","50","FAF",10/02/2016 21:56:22,13,1
591,31,"26-36","1-27","INTANGIBILITY",10/02/2016 21:56:22,13,3
592,31,"26-36","50","FAF",10/02/2016 21:56:22,13,1
593,46,"26-36","1-27","INTANGIBILITY",10/02/2016 21:56:22,13,3
594,46,"26-36","50","FAF",10/02/2016 21:56:22,13,1
595,6,"37-47","1-26","INTANGIBILITY",10/02/2016 21:56:22,13,3
596,6,"37-47","50","FAF",10/02/2016 21:56:22,13,1
597,55,"37-47","1-26","INTANGIBILITY",10/02/2016 21:56:22,13,3
598,55,"37-47","50","FAF",10/02/2016 21:56:22,13,1
599,44,"37-47","1-26","INTANGIBILITY",10/02/2016 21:56:22,13,3
600,44,"37-47","50","FAF",10/02/2016 21:56:22,13,1
601,17,"37-47","1-26","INTANGIBILITY",10/02/2016 21:56:22,13,3
602,17,"37-47","50","FAF",10/02/2016 21:56:23,13,1
603,7,"37-47","1-26","INTANGIBILITY",10/02/2016 21:56:23,13,3
604,7,"37-47","50","FAF",10/02/2016 21:56:23,13,1
605,39,"37-47","1-26","INTANGIBILITY",10/02/2016 21:56:23,13,3
606,39,"37-47","50","FAF",10/02/2016 21:56:23,13,1
607,42,"37-47","1-26","INTANGIBILITY",10/02/2016 21:56:23,13,3
608,42,"37-47","50","FAF",10/02/2016 21:56:23,13,1
609,8,"37-47","1-26","INTANGIBILITY",10/02/2016 21:56:23,13,3
610,8,"37-47","50","FAF",10/02/2016 21:56:23,13,1
611,58,"37-47","1-26","INTANGIBILITY",10/02/2016 21:56:23,13,3
612,58,"37-47","50","FAF",10/02/2016 21:56:23,13,1
613,9,"37-47","1-26","INTANGIBILITY",10/02/2016 21:56:23,13,3
614,9,"37-47","50","FAF",10/02/2016 21:56:23,13,1
615,2,"37-47","1-26","INTANGIBILITY",10/02/2016 21:56:23,13,3
616,2,"37-47","50","FAF",10/02/2016 21:56:23,13,1
617,15,"48-52","1-25","INTANGIBILITY",10/02/2016 21:56:23,13,3
618,15,"48-52","50","FAF",10/02/2016 21:56:23,13,1
619,4,"48-52","1-25","INTANGIBILITY",10/02/2016 21:56:23,13,3
620,4,"48-52","50","FAF",10/02/2016 21:56:23,13,1
621,5,"48-52","1-25","INTANGIBILITY",10/02/2016 21:56:23,13,3
622,5,"48-52","50","FAF",10/02/2016 21:56:23,13,1
623,41,"48-52","1-25","INTANGIBILITY",10/02/2016 21:56:23,13,3
624,41,"48-52","50","FAF",10/02/2016 21:56:23,13,1
625,52,"48-52","1-25","INTANGIBILITY",10/02/2016 21:56:23,13,3
626,52,"48-52","50","FAF",10/02/2016 21:56:23,13,1
627,48,"53-54","1-24","INTANGIBILITY",10/02/2016 21:56:23,13,3
628,48,"53-54","50","FAF",10/02/2016 21:56:23,13,1
629,20,"53-54","1-24","INTANGIBILITY",10/02/2016 21:56:24,13,3
630,20,"53-54","50","FAF",10/02/2016 21:56:24,13,1
631,36,"55-56","1-23","INTANGIBILITY",10/02/2016 21:56:24,13,3
632,36,"55-56","50","FAF",10/02/2016 21:56:24,13,1
633,24,"55-56","1-23","INTANGIBILITY",10/02/2016 21:56:24,13,3
634,24,"55-56","50","FAF",10/02/2016 21:56:24,13,1
635,56,"57-58","1-21","INTANGIBILITY",10/02/2016 21:56:24,13,3
636,56,"57-58","50","FAF",10/02/2016 21:56:24,13,1
637,1,"57-58","1-21","INTANGIBILITY",10/02/2016 21:56:24,13,3
638,1,"57-58","50","FAF",10/02/2016 21:56:24,13,1
639,12,"1","4-15","INTANGIBLE",10/02/2016 21:56:24,15,4
640,12,"1","27","FAF",10/02/2016 21:56:24,15,1
641,14,"2-4","4-14","INTANGIBLE",10/02/2016 21:56:24,15,4
642,14,"2-4","27","FAF",10/02/2016 21:56:24,15,1
643,52,"2-4","4-14","INTANGIBLE",10/02/2016 21:56:24,15,4
644,52,"2-4","27","FAF",10/02/2016 21:56:24,15,1
645,41,"2-4","4-14","INTANGIBLE",10/02/2016 21:56:24,15,4
646,41,"2-4","27","FAF",10/02/2016 21:56:24,15,1
647,22,"5","4-12","INTANGIBLE",10/02/2016 21:56:24,15,4
648,22,"5","27","FAF",10/02/2016 21:56:24,15,1
649,49,"6-13","4-15","INTANGIBLE",10/02/2016 21:56:24,15,4
650,49,"6-13","28","FAF",10/02/2016 21:56:24,15,1
651,9,"6-13","4-15","INTANGIBLE",10/02/2016 21:56:24,15,4
652,9,"6-13","28","FAF",10/02/2016 21:56:24,15,1
653,58,"6-13","4-15","INTANGIBLE",10/02/2016 21:56:24,15,4
654,58,"6-13","28","FAF",10/02/2016 21:56:25,15,1
655,8,"6-13","4-15","INTANGIBLE",10/02/2016 21:56:25,15,4
656,8,"6-13","28","FAF",10/02/2016 21:56:25,15,1
657,42,"6-13","4-15","INTANGIBLE",10/02/2016 21:56:25,15,4
658,42,"6-13","28","FAF",10/02/2016 21:56:25,15,1
659,30,"6-13","4-15","INTANGIBLE",10/02/2016 21:56:25,15,4
660,30,"6-13","28","FAF",10/02/2016 21:56:25,15,1
661,51,"6-13","4-15","INTANGIBLE",10/02/2016 21:56:25,15,4
662,51,"6-13","28","FAF",10/02/2016 21:56:25,15,1
663,4,"6-13","4-15","INTANGIBLE",10/02/2016 21:56:25,15,4
664,4,"6-13","28","FAF",10/02/2016 21:56:25,15,1
665,46,"14","4-17","INTANGIBLE",10/02/2016 21:56:25,15,4
666,46,"14","30","FAF",10/02/2016 21:56:25,15,1
667,27,"15-26","4-16","INTANGIBLE",10/02/2016 21:56:25,15,4
668,27,"15-26","30","FAF",10/02/2016 21:56:25,15,1
669,54,"15-26","4-16","INTANGIBLE",10/02/2016 21:56:25,15,4
670,54,"15-26","30","FAF",10/02/2016 21:56:25,15,1
671,43,"15-26","4-16","INTANGIBLE",10/02/2016 21:56:25,15,4
672,43,"15-26","30","FAF",10/02/2016 21:56:25,15,1
673,37,"15-26","4-16","INTANGIBLE",10/02/2016 21:56:25,15,4
674,37,"15-26","30","FAF",10/02/2016 21:56:25,15,1
675,55,"15-26","4-16","INTANGIBLE",10/02/2016 21:56:25,15,4
676,55,"15-26","30","FAF",10/02/2016 21:56:25,15,1
677,11,"15-26","4-16","INTANGIBLE",10/02/2016 21:56:25,15,4
678,11,"15-26","30","FAF",10/02/2016 21:56:25,15,1
679,38,"15-26","4-16","INTANGIBLE",10/02/2016 21:56:25,15,4
680,38,"15-26","30","FAF",10/02/2016 21:56:25,15,1
681,32,"15-26","4-16","INTANGIBLE",10/02/2016 21:56:26,15,4
682,32,"15-26","30","FAF",10/02/2016 21:56:26,15,1
683,13,"15-26","4-16","INTANGIBLE",10/02/2016 21:56:26,15,4
684,13,"15-26","30","FAF",10/02/2016 21:56:26,15,1
685,35,"15-26","4-16","INTANGIBLE",10/02/2016 21:56:26,15,4
686,35,"15-26","30","FAF",10/02/2016 21:56:26,15,1
687,10,"15-26","4-16","INTANGIBLE",10/02/2016 21:56:26,15,4
688,10,"15-26","30","FAF",10/02/2016 21:56:26,15,1
689,16,"27","4-14","INTANGIBLE",10/02/2016 21:56:26,15,4
690,16,"27","30","FAF",10/02/2016 21:56:26,15,1
691,23,"28","4-12","INTANGIBLE",10/02/2016 21:56:26,15,4
692,23,"28","30","FAF",10/02/2016 21:56:26,15,1
693,31,"29","4-13","INTANGIBLE",10/02/2016 21:56:26,15,4
694,31,"29","30","FAF",10/02/2016 21:56:26,15,1
695,47,"30-47","4-17","INTANGIBLE",10/02/2016 21:56:26,15,4
696,47,"30-47","31","FAF",10/02/2016 21:56:26,15,1
697,40,"30-47","4-17","INTANGIBLE",10/02/2016 21:56:26,15,4
698,40,"30-47","31","FAF",10/02/2016 21:56:26,15,1
699,26,"30-47","4-17","INTANGIBLE",10/02/2016 21:56:26,15,4
700,26,"30-47","31","FAF",10/02/2016 21:56:26,15,1
701,45,"30-47","4-17","INTANGIBLE",10/02/2016 21:56:26,15,4
702,45,"30-47","31","FAF",10/02/2016 21:56:26,15,1
703,3,"30-47","4-17","INTANGIBLE",10/02/2016 21:56:26,15,4
704,3,"30-47","31","FAF",10/02/2016 21:56:26,15,1
705,57,"30-47","4-17","INTANGIBLE",10/02/2016 21:56:26,15,4
706,57,"30-47","31","FAF",10/02/2016 21:56:26,15,1
707,21,"30-47","4-17","INTANGIBLE",10/02/2016 21:56:26,15,4
708,21,"30-47","31","FAF",10/02/2016 21:56:27,15,1
709,39,"30-47","4-17","INTANGIBLE",10/02/2016 21:56:27,15,4
710,39,"30-47","31","FAF",10/02/2016 21:56:27,15,1
711,25,"30-47","4-17","INTANGIBLE",10/02/2016 21:56:27,15,4
712,25,"30-47","31","FAF",10/02/2016 21:56:27,15,1
713,28,"30-47","4-17","INTANGIBLE",10/02/2016 21:56:27,15,4
714,28,"30-47","31","FAF",10/02/2016 21:56:27,15,1
715,20,"30-47","4-17","INTANGIBLE",10/02/2016 21:56:27,15,4
716,20,"30-47","31","FAF",10/02/2016 21:56:27,15,1
717,36,"30-47","4-17","INTANGIBLE",10/02/2016 21:56:27,15,4
718,36,"30-47","31","FAF",10/02/2016 21:56:27,15,1
719,24,"30-47","4-17","INTANGIBLE",10/02/2016 21:56:27,15,4
720,24,"30-47","31","FAF",10/02/2016 21:56:27,15,1
721,53,"30-47","4-17","INTANGIBLE",10/02/2016 21:56:27,15,4
722,53,"30-47","31","FAF",10/02/2016 21:56:27,15,1
723,50,"30-47","4-17","INTANGIBLE",10/02/2016 21:56:27,15,4
724,50,"30-47","31","FAF",10/02/2016 21:56:27,15,1
725,29,"30-47","4-17","INTANGIBLE",10/02/2016 21:56:27,15,4
726,29,"30-47","31","FAF",10/02/2016 21:56:27,15,1
727,34,"30-47","4-17","INTANGIBLE",10/02/2016 21:56:27,15,4
728,34,"30-47","31","FAF",10/02/2016 21:56:27,15,1
729,33,"30-47","4-17","INTANGIBLE",10/02/2016 21:56:27,15,4
730,33,"30-47","31","FAF",10/02/2016 21:56:27,15,1
731,18,"30-47","4-17","INTANGIBLE",10/02/2016 21:56:27,15,4
732,18,"30-47","31","FAF",10/02/2016 21:56:27,15,1
733,7,"48","4-14","INTANGIBLE",10/02/2016 21:56:27,15,4
734,7,"48","31","FAF",10/02/2016 21:56:28,15,1
735,6,"49","4-15","INTANGIBLE",10/02/2016 21:56:28,15,4
736,6,"49","32","FAF",10/02/2016 21:56:28,15,1
737,44,"50-52","4-18","INTANGIBLE",10/02/2016 21:56:28,15,4
738,44,"50-52","33","FAF",10/02/2016 21:56:28,15,1
739,5,"50-52","4-18","INTANGIBLE",10/02/2016 21:56:28,15,4
740,5,"50-52","33","FAF",10/02/2016 21:56:28,15,1
741,17,"50-52","4-18","INTANGIBLE",10/02/2016 21:56:28,15,4
742,17,"50-52","33","FAF",10/02/2016 21:56:28,15,1
743,16,"53","4-14","INTANGIBLE",10/02/2016 21:56:28,15,4
744,16,"53","33","FAF",10/02/2016 21:56:28,15,1
745,19,"54-56","4-19","INTANGIBLE",10/02/2016 21:56:28,15,4
746,19,"54-56","34","FAF",10/02/2016 21:56:28,15,1
747,15,"54-56","4-19","INTANGIBLE",10/02/2016 21:56:28,15,4
748,15,"54-56","34","FAF",10/02/2016 21:56:28,15,1
749,2,"54-56","4-19","INTANGIBLE",10/02/2016 21:56:28,15,4
750,2,"54-56","34","FAF",10/02/2016 21:56:28,15,1
751,56,"57","4-21","INTANGIBLE",10/02/2016 21:56:28,15,4
752,56,"57","36","FAF",10/02/2016 21:56:28,15,1
753,1,"58","6-19 (Bat Within: 3-5)","INTANGIBLE",10/02/2016 21:56:28,15,4
754,1,"58","37","FAF",10/02/2016 21:56:28,15,1
755,48,"59","4-23","INTANGIBLE",10/02/2016 21:56:28,15,4
756,48,"59","40","FAF",10/02/2016 21:56:28,15,1
757,12,"1","2-16","INTANGIBLE",10/02/2016 21:56:28,19,4
758,12,"1","25","FAF",10/02/2016 21:56:28,19,1
759,49,"2-9","2-15","INTANGIBLE",10/02/2016 21:56:29,19,4
760,49,"2-9","25","FAF",10/02/2016 21:56:29,19,1
761,58,"2-9","2-15","INTANGIBLE",10/02/2016 21:56:29,19,4
762,58,"2-9","25","FAF",10/02/2016 21:56:29,19,1
763,30,"2-9","2-15","INTANGIBLE",10/02/2016 21:56:29,19,4
764,30,"2-9","25","FAF",10/02/2016 21:56:29,19,1
765,22,"2-9","2-15","INTANGIBLE",10/02/2016 21:56:29,19,4
766,22,"2-9","25","FAF",10/02/2016 21:56:29,19,1
767,52,"2-9","2-15","INTANGIBLE",10/02/2016 21:56:29,19,4
768,52,"2-9","25","FAF",10/02/2016 21:56:29,19,1
769,41,"2-9","2-15","INTANGIBLE",10/02/2016 21:56:29,19,4
770,41,"2-9","25","FAF",10/02/2016 21:56:29,19,1
771,14,"2-9","2-15","INTANGIBLE",10/02/2016 21:56:29,19,4
772,14,"2-9","25","FAF",10/02/2016 21:56:29,19,1
773,51,"2-9","2-15","INTANGIBLE",10/02/2016 21:56:29,19,4
774,51,"2-9","25","FAF",10/02/2016 21:56:29,19,1
775,31,"10","2-14","INTANGIBLE",10/02/2016 21:56:29,19,4
776,31,"10","25","FAF",10/02/2016 21:56:29,19,1
777,13,"11-17","2-16","INTANGIBLE",10/02/2016 21:56:29,19,4
778,13,"11-17","26","FAF",10/02/2016 21:56:29,19,1
779,8,"11-17","2-16","INTANGIBLE",10/02/2016 21:56:29,19,4
780,8,"11-17","26","FAF",10/02/2016 21:56:29,19,1
781,42,"11-17","2-16","INTANGIBLE",10/02/2016 21:56:29,19,4
782,42,"11-17","26","FAF",10/02/2016 21:56:29,19,1
783,16,"11-17","2-16","INTANGIBLE",10/02/2016 21:56:29,19,4
784,16,"11-17","26","FAF",10/02/2016 21:56:29,19,1
785,35,"11-17","2-16","INTANGIBLE",10/02/2016 21:56:29,19,4
786,35,"11-17","26","FAF",10/02/2016 21:56:30,19,1
787,9,"11-17","2-16","INTANGIBLE",10/02/2016 21:56:30,19,4
788,9,"11-17","26","FAF",10/02/2016 21:56:30,19,1
789,55,"11-17","2-16","INTANGIBLE",10/02/2016 21:56:30,19,4
790,55,"11-17","26","FAF",10/02/2016 21:56:30,19,1
791,27,"18-32","2-17","INTANGIBLE",10/02/2016 21:56:30,19,4
792,27,"18-32","27","FAF",10/02/2016 21:56:30,19,1
793,26,"18-32","2-17","INTANGIBLE",10/02/2016 21:56:30,19,4
794,26,"18-32","27","FAF",10/02/2016 21:56:30,19,1
795,45,"18-32","2-17","INTANGIBLE",10/02/2016 21:56:30,19,4
796,45,"18-32","27","FAF",10/02/2016 21:56:30,19,1
797,54,"18-32","2-17","INTANGIBLE",10/02/2016 21:56:30,19,4
798,54,"18-32","27","FAF",10/02/2016 21:56:30,19,1
799,48,"18-32","2-17","INTANGIBLE",10/02/2016 21:56:30,19,4
800,48,"18-32","27","FAF",10/02/2016 21:56:30,19,1
801,25,"18-32","2-17","INTANGIBLE",10/02/2016 21:56:30,19,4
802,25,"18-32","27","FAF",10/02/2016 21:56:30,19,1
803,28,"18-32","2-17","INTANGIBLE",10/02/2016 21:56:30,19,4
804,28,"18-32","27","FAF",10/02/2016 21:56:30,19,1
805,20,"18-32","2-17","INTANGIBLE",10/02/2016 21:56:30,19,4
806,20,"18-32","27","FAF",10/02/2016 21:56:30,19,1
807,43,"18-32","2-17","INTANGIBLE",10/02/2016 21:56:30,19,4
808,43,"18-32","27","FAF",10/02/2016 21:56:30,19,1
809,37,"18-32","2-17","INTANGIBLE",10/02/2016 21:56:30,19,4
810,37,"18-32","27","FAF",10/02/2016 21:56:30,19,1
811,11,"18-32","2-17","INTANGIBLE",10/02/2016 21:56:31,19,4
812,11,"18-32","27","FAF",10/02/2016 21:56:31,19,1
813,38,"18-32","2-17","INTANGIBLE",10/02/2016 21:56:31,19,4
814,38,"18-32","27","FAF",10/02/2016 21:56:31,19,1
815,32,"18-32","2-17","INTANGIBLE",10/02/2016 21:56:31,19,4
816,32,"18-32","27","FAF",10/02/2016 21:56:31,19,1
817,33,"18-32","2-17","INTANGIBLE",10/02/2016 21:56:31,19,4
818,33,"18-32","27","FAF",10/02/2016 21:56:31,19,1
819,46,"18-32","2-17","INTANGIBLE",10/02/2016 21:56:31,19,4
820,46,"18-32","27","FAF",10/02/2016 21:56:31,19,1
821,23,"33","2-15","INTANGIBLE",10/02/2016 21:56:31,19,4
822,23,"33","27","FAF",10/02/2016 21:56:31,19,1
823,7,"34","3-17","INTANGIBLE",10/02/2016 21:56:31,19,4
824,7,"34","27","FAF",10/02/2016 21:56:31,19,1
825,40,"35-51","3-18","INTANGIBLE",10/02/2016 21:56:31,19,4
826,40,"35-51","28","FAF",10/02/2016 21:56:31,19,1
827,56,"35-51","3-18","INTANGIBLE",10/02/2016 21:56:31,19,4
828,56,"35-51","28","FAF",10/02/2016 21:56:31,19,1
829,3,"35-51","3-18","INTANGIBLE",10/02/2016 21:56:31,19,4
830,3,"35-51","28","FAF",10/02/2016 21:56:31,19,1
831,57,"35-51","3-18","INTANGIBLE",10/02/2016 21:56:31,19,4
832,57,"35-51","28","FAF",10/02/2016 21:56:31,19,1
833,21,"35-51","3-18","INTANGIBLE",10/02/2016 21:56:31,19,4
834,21,"35-51","28","FAF",10/02/2016 21:56:31,19,1
835,39,"35-51","3-18","INTANGIBLE",10/02/2016 21:56:31,19,4
836,39,"35-51","28","FAF",10/02/2016 21:56:31,19,1
837,17,"35-51","3-18","INTANGIBLE",10/02/2016 21:56:32,19,4
838,17,"35-51","28","FAF",10/02/2016 21:56:32,19,1
839,44,"35-51","3-18","INTANGIBLE",10/02/2016 21:56:32,19,4
840,44,"35-51","28","FAF",10/02/2016 21:56:32,19,1
841,5,"35-51","3-18","INTANGIBLE",10/02/2016 21:56:32,19,4
842,5,"35-51","28","FAF",10/02/2016 21:56:32,19,1
843,36,"35-51","3-18","INTANGIBLE",10/02/2016 21:56:32,19,4
844,36,"35-51","28","FAF",10/02/2016 21:56:32,19,1
845,53,"35-51","3-18","INTANGIBLE",10/02/2016 21:56:32,19,4
846,53,"35-51","28","FAF",10/02/2016 21:56:32,19,1
847,50,"35-51","3-18","INTANGIBLE",10/02/2016 21:56:32,19,4
848,50,"35-51","28","FAF",10/02/2016 21:56:32,19,1
849,29,"35-51","3-18","INTANGIBLE",10/02/2016 21:56:32,19,4
850,29,"35-51","28","FAF",10/02/2016 21:56:32,19,1
851,34,"35-51","3-18","INTANGIBLE",10/02/2016 21:56:32,19,4
852,34,"35-51","28","FAF",10/02/2016 21:56:32,19,1
853,4,"35-51","3-18","INTANGIBLE",10/02/2016 21:56:32,19,4
854,4,"35-51","28","FAF",10/02/2016 21:56:32,19,1
855,6,"35-51","3-18","INTANGIBLE",10/02/2016 21:56:32,19,4
856,6,"35-51","28","FAF",10/02/2016 21:56:32,19,1
857,24,"35-51","3-18","INTANGIBLE",10/02/2016 21:56:32,19,4
858,24,"35-51","28","FAF",10/02/2016 21:56:32,19,1
859,47,"52","3-17","INTANGIBLE",10/02/2016 21:56:32,19,4
860,47,"52","28","FAF",10/02/2016 21:56:32,19,1
861,19,"53-57","4-19","INTANGIBLE",10/02/2016 21:56:32,19,4
862,19,"53-57","29","FAF",10/02/2016 21:56:32,19,1
863,10,"53-57","4-19","INTANGIBLE",10/02/2016 21:56:33,19,4
864,10,"53-57","29","FAF",10/02/2016 21:56:33,19,1
865,15,"53-57","4-19","INTANGIBLE",10/02/2016 21:56:33,19,4
866,15,"53-57","29","FAF",10/02/2016 21:56:33,19,1
867,18,"53-57","4-19","INTANGIBLE",10/02/2016 21:56:33,19,4
868,18,"53-57","29","FAF",10/02/2016 21:56:33,19,1
869,2,"53-57","4-19","INTANGIBLE",10/02/2016 21:56:33,19,4
870,2,"53-57","29","FAF",10/02/2016 21:56:33,19,1
871,1,"58","5-19 (Bat Within: 1-4)","INTANGIBLE",10/02/2016 21:56:33,19,4
872,1,"58","30","FAF",10/02/2016 21:56:33,19,1
873,23,"1","0.0736","VALUE",10/02/2016 21:56:33,21,9
874,18,"2","0.0718","VALUE",10/02/2016 21:56:33,21,9
875,22,"3-5","0.07","VALUE",10/02/2016 21:56:33,21,9
876,58,"3-5","0.07","VALUE",10/02/2016 21:56:33,21,9
877,54,"3-5","0.07","VALUE",10/02/2016 21:56:33,21,9
878,39,"6-9","0.068","VALUE",10/02/2016 21:56:33,21,9
879,40,"6-9","0.068","VALUE",10/02/2016 21:56:33,21,9
880,45,"6-9","0.068","VALUE",10/02/2016 21:56:33,21,9
881,15,"6-9","0.068","VALUE",10/02/2016 21:56:33,21,9
882,7,"10-11","0.065","VALUE",10/02/2016 21:56:33,21,9
883,13,"10-11","0.065","VALUE",10/02/2016 21:56:33,21,9
884,21,"12-13","0.064","VALUE",10/02/2016 21:56:33,21,9
885,34,"12-13","0.064","VALUE",10/02/2016 21:56:33,21,9
886,14,"14-24","0.06","VALUE",10/02/2016 21:56:34,21,9
887,49,"14-24","0.06","VALUE",10/02/2016 21:56:34,21,9
888,35,"14-24","0.06","VALUE",10/02/2016 21:56:34,21,9
889,37,"14-24","0.06","VALUE",10/02/2016 21:56:34,21,9
890,43,"14-24","0.06","VALUE",10/02/2016 21:56:34,21,9
891,51,"14-24","0.06","VALUE",10/02/2016 21:56:34,21,9
892,55,"14-24","0.06","VALUE",10/02/2016 21:56:34,21,9
893,53,"14-24","0.06","VALUE",10/02/2016 21:56:34,21,9
894,29,"14-24","0.06","VALUE",10/02/2016 21:56:34,21,9
895,47,"14-24","0.06","VALUE",10/02/2016 21:56:34,21,9
896,46,"14-24","0.06","VALUE",10/02/2016 21:56:34,21,9
897,41,"25","0.0596","VALUE",10/02/2016 21:56:34,21,9
898,48,"26","0.0585","VALUE",10/02/2016 21:56:34,21,9
899,2,"27","0.0577","VALUE",10/02/2016 21:56:34,21,9
900,25,"28-33","0.055","VALUE",10/02/2016 21:56:34,21,9
901,28,"28-33","0.055","VALUE",10/02/2016 21:56:34,21,9
902,30,"28-33","0.055","VALUE",10/02/2016 21:56:34,21,9
903,44,"28-33","0.055","VALUE",10/02/2016 21:56:34,21,9
904,6,"28-33","0.055","VALUE",10/02/2016 21:56:34,21,9
905,1,"28-33","0.055","VALUE",10/02/2016 21:56:34,21,9
906,52,"34","0.0547","VALUE",10/02/2016 21:56:34,21,9
907,36,"35","0.0546","VALUE",10/02/2016 21:56:34,21,9
908,57,"36","0.054","VALUE",10/02/2016 21:56:34,21,9
909,10,"37","0.0529","VALUE",10/02/2016 21:56:34,21,9
910,8,"38-39","0.0505","VALUE",10/02/2016 21:56:34,21,9
911,42,"38-39","0.0505","VALUE",10/02/2016 21:56:34,21,9
912,4,"40","0.05","VALUE",10/02/2016 21:56:35,21,9
913,20,"41","0.0493","VALUE",10/02/2016 21:56:35,21,9
914,9,"42-43","0.0484","VALUE",10/02/2016 21:56:35,21,9
915,19,"42-43","0.0484","VALUE",10/02/2016 21:56:35,21,9
916,27,"44-52","0.045","VALUE",10/02/2016 21:56:35,21,9
917,11,"44-52","0.045","VALUE",10/02/2016 21:56:35,21,9
918,12,"44-52","0.045","VALUE",10/02/2016 21:56:35,21,9
919,3,"44-52","0.045","VALUE",10/02/2016 21:56:35,21,9
920,16,"44-52","0.045","VALUE",10/02/2016 21:56:35,21,9
921,38,"44-52","0.045","VALUE",10/02/2016 21:56:35,21,9
922,24,"44-52","0.045","VALUE",10/02/2016 21:56:35,21,9
923,32,"44-52","0.045","VALUE",10/02/2016 21:56:35,21,9
924,33,"44-52","0.045","VALUE",10/02/2016 21:56:35,21,9
925,17,"53-54","0.044","VALUE",10/02/2016 21:56:35,21,9
926,50,"53-54","0.044","VALUE",10/02/2016 21:56:35,21,9
927,56,"55","0.0426","VALUE",10/02/2016 21:56:35,21,9
928,5,"56-57","0.04","VALUE",10/02/2016 21:56:35,21,9
929,31,"56-57","0.04","VALUE",10/02/2016 21:56:35,21,9
930,26,"58","0.024","VALUE",10/02/2016 21:56:35,21,9
931,28,"1-2","1.5","MAX WALK SPEED VALUE",10/02/2016 21:56:35,23,7
932,25,"1-2","1.5","MAX WALK SPEED VALUE",10/02/2016 21:56:35,23,7
933,14,"3","1.45","MAX WALK SPEED VALUE",10/02/2016 21:56:35,23,7
934,16,"4","1.43","MAX WALK SPEED VALUE",10/02/2016 21:56:35,23,7
935,49,"5-6","1.4","MAX WALK SPEED VALUE",10/02/2016 21:56:36,23,7
936,58,"5-6","1.4","MAX WALK SPEED VALUE",10/02/2016 21:56:36,23,7
937,51,"7","1.375","MAX WALK SPEED VALUE",10/02/2016 21:56:36,23,7
938,22,"8","1.32","MAX WALK SPEED VALUE",10/02/2016 21:56:36,23,7
939,10,"9","1.3","MAX WALK SPEED VALUE",10/02/2016 21:56:36,23,7
940,13,"10","1.28","MAX WALK SPEED VALUE",10/02/2016 21:56:36,23,7
941,9,"11","1.25","MAX WALK SPEED VALUE",10/02/2016 21:56:36,23,7
942,41,"12","1.24","MAX WALK SPEED VALUE",10/02/2016 21:56:36,23,7
943,52,"13","1.2265","MAX WALK SPEED VALUE",10/02/2016 21:56:36,23,7
944,39,"14","1.21","MAX WALK SPEED VALUE",10/02/2016 21:56:36,23,7
945,31,"15-16","1.2","MAX WALK SPEED VALUE",10/02/2016 21:56:36,23,7
946,5,"15-16","1.2","MAX WALK SPEED VALUE",10/02/2016 21:56:36,23,7
947,42,"17-18","1.199","MAX WALK SPEED VALUE",10/02/2016 21:56:36,23,7
948,8,"17-18","1.199","MAX WALK SPEED VALUE",10/02/2016 21:56:36,23,7
949,21,"19-20","1.188","MAX WALK SPEED VALUE",10/02/2016 21:56:36,23,7
950,34,"19-20","1.188","MAX WALK SPEED VALUE",10/02/2016 21:56:36,23,7
951,30,"21","1.18","MAX WALK SPEED VALUE",10/02/2016 21:56:36,23,7
952,55,"22","1.166","MAX WALK SPEED VALUE",10/02/2016 21:56:36,23,7
953,12,"23","1.155","MAX WALK SPEED VALUE",10/02/2016 21:56:36,23,7
954,56,"24-27","1.15","MAX WALK SPEED VALUE",10/02/2016 21:56:36,23,7
955,7,"24-27","1.15","MAX WALK SPEED VALUE",10/02/2016 21:56:36,23,7
956,46,"24-27","1.15","MAX WALK SPEED VALUE",10/02/2016 21:56:36,23,7
957,32,"24-27","1.15","MAX WALK SPEED VALUE",10/02/2016 21:56:36,23,7
958,35,"28","1.1242","MAX WALK SPEED VALUE",10/02/2016 21:56:36,23,7
959,43,"29","1.122","MAX WALK SPEED VALUE",10/02/2016 21:56:36,23,7
960,27,"30-32","1.1","MAX WALK SPEED VALUE",10/02/2016 21:56:37,23,7
961,50,"30-32","1.1","MAX WALK SPEED VALUE",10/02/2016 21:56:37,23,7
962,6,"30-32","1.1","MAX WALK SPEED VALUE",10/02/2016 21:56:37,23,7
963,45,"33","1.0835","MAX WALK SPEED VALUE",10/02/2016 21:56:37,23,7
964,26,"34","1.08","MAX WALK SPEED VALUE",10/02/2016 21:56:37,23,7
965,29,"35","1.078","MAX WALK SPEED VALUE",10/02/2016 21:56:37,23,7
966,48,"36","1.0615","MAX WALK SPEED VALUE",10/02/2016 21:56:37,23,7
967,33,"37-38","1.05","MAX WALK SPEED VALUE",10/02/2016 21:56:37,23,7
968,23,"37-38","1.05","MAX WALK SPEED VALUE",10/02/2016 21:56:37,23,7
969,38,"39","1.045","MAX WALK SPEED VALUE",10/02/2016 21:56:37,23,7
970,53,"40","1.04","MAX WALK SPEED VALUE",10/02/2016 21:56:37,23,7
971,19,"41","0.98","MAX WALK SPEED VALUE",10/02/2016 21:56:37,23,7
972,4,"42","0.94","MAX WALK SPEED VALUE",10/02/2016 21:56:37,23,7
973,20,"43","0.93","MAX WALK SPEED VALUE",10/02/2016 21:56:37,23,7
974,11,"44","0.902","MAX WALK SPEED VALUE",10/02/2016 21:56:37,23,7
975,37,"45-46","0.9","MAX WALK SPEED VALUE",10/02/2016 21:56:37,23,7
976,1,"45-46","0.9","MAX WALK SPEED VALUE",10/02/2016 21:56:37,23,7
977,44,"47","0.891","MAX WALK SPEED VALUE",10/02/2016 21:56:37,23,7
978,3,"48","0.88","MAX WALK SPEED VALUE",10/02/2016 21:56:37,23,7
979,57,"49","0.87","MAX WALK SPEED VALUE",10/02/2016 21:56:37,23,7
980,17,"50","0.869","MAX WALK SPEED VALUE",10/02/2016 21:56:37,23,7
981,36,"51","0.8635","MAX WALK SPEED VALUE",10/02/2016 21:56:37,23,7
982,40,"52","0.86","MAX WALK SPEED VALUE",10/02/2016 21:56:37,23,7
983,2,"53","0.858","MAX WALK SPEED VALUE",10/02/2016 21:56:37,23,7
984,24,"54","0.85","MAX WALK SPEED VALUE",10/02/2016 21:56:38,23,7
985,54,"55","0.847","MAX WALK SPEED VALUE",10/02/2016 21:56:38,23,7
986,47,"56","0.75","MAX WALK SPEED VALUE",10/02/2016 21:56:38,23,7
987,15,"57","0.73","MAX WALK SPEED VALUE",10/02/2016 21:56:38,23,7
988,18,"58","0.7","MAX WALK SPEED VALUE",10/02/2016 21:56:38,23,7
989,2,"1","130","WEIGHT VALUE",10/02/2016 21:56:38,24,10
990,10,"2","122","WEIGHT VALUE",10/02/2016 21:56:38,24,10
991,19,"3","119","WEIGHT VALUE",10/02/2016 21:56:38,24,10
992,5,"4","116","WEIGHT VALUE",10/02/2016 21:56:38,24,10
993,15,"5","113","WEIGHT VALUE",10/02/2016 21:56:38,24,10
994,3,"6-7","108","WEIGHT VALUE",10/02/2016 21:56:38,24,10
995,48,"6-7","108","WEIGHT VALUE",10/02/2016 21:56:38,24,10
996,17,"8-9","107","WEIGHT VALUE",10/02/2016 21:56:38,24,10
997,54,"8-9","107","WEIGHT VALUE",10/02/2016 21:56:38,24,10
998,43,"10","106","WEIGHT VALUE",10/02/2016 21:56:38,24,10
999,4,"11-13","104","WEIGHT VALUE",10/02/2016 21:56:38,24,10
1000,21,"11-13","104","WEIGHT VALUE",10/02/2016 21:56:38,24,10
1001,56,"11-13","104","WEIGHT VALUE",10/02/2016 21:56:38,24,10
1002,47,"14","103","WEIGHT VALUE",10/02/2016 21:56:38,24,10
1003,50,"15-16","102","WEIGHT VALUE",10/02/2016 21:56:38,24,10
1004,29,"15-16","102","WEIGHT VALUE",10/02/2016 21:56:38,24,10
1005,34,"17-20","100","WEIGHT VALUE",10/02/2016 21:56:38,24,10
1006,32,"17-20","100","WEIGHT VALUE",10/02/2016 21:56:38,24,10
1007,33,"17-20","100","WEIGHT VALUE",10/02/2016 21:56:39,24,10
1008,6,"17-20","100","WEIGHT VALUE",10/02/2016 21:56:39,24,10
1009,23,"21","99","WEIGHT VALUE",10/02/2016 21:56:39,24,10
1010,7,"22-24","98","WEIGHT VALUE",10/02/2016 21:56:39,24,10
1011,27,"22-24","98","WEIGHT VALUE",10/02/2016 21:56:39,24,10
1012,11,"22-24","98","WEIGHT VALUE",10/02/2016 21:56:39,24,10
1013,53,"25-26","97","WEIGHT VALUE",10/02/2016 21:56:39,24,10
1014,26,"25-26","97","WEIGHT VALUE",10/02/2016 21:56:39,24,10
1015,55,"27-29","96","WEIGHT VALUE",10/02/2016 21:56:39,24,10
1016,42,"27-29","96","WEIGHT VALUE",10/02/2016 21:56:39,24,10
1017,8,"27-29","96","WEIGHT VALUE",10/02/2016 21:56:39,24,10
1018,44,"30-32","95","WEIGHT VALUE",10/02/2016 21:56:39,24,10
1019,46,"29-32","95","WEIGHT VALUE",10/02/2016 21:56:39,24,10
1020,38,"29-32","95","WEIGHT VALUE",10/02/2016 21:56:39,24,10
1021,16,"33-36","94","WEIGHT VALUE",10/02/2016 21:56:39,24,10
1022,51,"33-36","94","WEIGHT VALUE",10/02/2016 21:56:39,24,10
1023,36,"33-36","94","WEIGHT VALUE",10/02/2016 21:56:39,24,10
1024,24,"33-36","94","WEIGHT VALUE",10/02/2016 21:56:39,24,10
1025,52,"37-38","93","WEIGHT VALUE",10/02/2016 21:56:39,24,10
1026,9,"37-38","93","WEIGHT VALUE",10/02/2016 21:56:39,24,10
1027,39,"39-40","91","WEIGHT VALUE",10/02/2016 21:56:39,24,10
1028,12,"39-40","91","WEIGHT VALUE",10/02/2016 21:56:39,24,10
1029,28,"41-42","90","WEIGHT VALUE",10/02/2016 21:56:39,24,10
1030,25,"41-42","90","WEIGHT VALUE",10/02/2016 21:56:40,24,10
1031,40,"43","89","WEIGHT VALUE",10/02/2016 21:56:40,24,10
1032,57,"44","85","WEIGHT VALUE",10/02/2016 21:56:40,24,10
1033,1,"45","84","WEIGHT VALUE",10/02/2016 21:56:40,24,10
1034,13,"46-47","82","WEIGHT VALUE",10/02/2016 21:56:40,24,10
1035,22,"46-47","82","WEIGHT VALUE",10/02/2016 21:56:40,24,10
1036,49,"48","81","WEIGHT VALUE",10/02/2016 21:56:40,24,10
1037,58,"49-50","80","WEIGHT VALUE",10/02/2016 21:56:40,24,10
1038,30,"49-50","80","WEIGHT VALUE",10/02/2016 21:56:40,24,10
1039,14,"51-54","79","WEIGHT VALUE",10/02/2016 21:56:40,24,10
1040,41,"51-54","79","WEIGHT VALUE",10/02/2016 21:56:40,24,10
1041,37,"51-54","79","WEIGHT VALUE",10/02/2016 21:56:40,24,10
1042,20,"51-54","79","WEIGHT VALUE",10/02/2016 21:56:40,24,10
1043,45,"55","77","WEIGHT VALUE",10/02/2016 21:56:40,24,10
1044,35,"56","75","WEIGHT VALUE",10/02/2016 21:56:40,24,10
1045,31,"57","74","WEIGHT VALUE",10/02/2016 21:56:40,24,10
1046,18,"58","68","WEIGHT VALUE",10/02/2016 21:56:40,24,10
